fseq,name,kcal,carb,prt,fat
1,갈릭 난,1482.9,248.70999,52.621502,38.844
2,양배추롤,1324.05,61.8746,99.44359,75.6109
3,태국식 홍합찜,1934.0201,80.9841,109.15409,120.4934
4,듬직한 샌드위치,1605.8699,103.82961,65.9888,104.0181
5,북경오리구이,1570.17,52.817,236.3712,39.601
6,우엉 스키야키,559.4,107.92,23.953999,6.056
7,오이피클 샌드위치,48.4,11.744,0.687,0.114
8,썬드라이드 토마토,177.25,9.4382,1.5459001,15.5763
9,데리야끼 치킨,1333.4502,157.21849,129.623,7.337
10,돼지고기 두반장 볶음,734.15,57.9405,60.760994,28.435003
11,새우칠리마요,910.99994,49.509495,10.1185,76.05299
12,게살브로콜리,787.38,93.26201,45.8277,23.4798
13,마파두부덥밥,1393.24,139.52419,56.0285,68.95701
14,니쿠자가,1124.8999,158.07791,88.2964,14.887699
15,튜나 캐서롤,1715.3098,248.55939,71.3017,50.780502
16,돼지고기(삼겹살)오븐구이,4702.46,62.155003,187.82149,408.71912
17,엔젤 부리또,422.16003,38.38,13.127599,27.6147
18,시저 샐러드,2558.98,21.889,157.63051,220.438
19,감자 & 베이컨 샐러드,1989.7001,172.81801,70.00449,111.129
20,땅콩수프,1913.65,185.67221,85.9155,105.8881
21,김치찜,2425.45,69.825,119.8155,176.62
22,양송이버섯 피자,2405.99,258.4985,84.6185,121.7175
23,우유젤리,1391.36,265.70798,34.61,26.409
24,해물 빠에야,1417.59,163.14659,103.6309,35.892998
25,쌀국수,573.2,60.756,61.489002,9.236
26,날치알 떡볶이,1010.59,167.0417,42.7907,19.7848
27,비빔국수,1015.35,170.30551,34.8825,19.6343
28,옥수수 통조림치즈,561.12,36.0127,24.570099,34.9292
29,소고기(갈비)찜,1306.15,95.998505,64.22901,73.9105
30,일본라멘,1393.1499,106.153,86.789505,65.462
31,고구마 맛탕,577.6,121.32001,2.21,10.345
32,목살스테이크,2074.9402,70.67459,121.8734,141.90651
33,식빵 러스크,383.38998,45.974598,5.8405004,19.9713
34,고추잡채,1311.3398,132.9706,50.1369,60.546494
35,갈치조림,619.09,69.9271,46.237404,18.419
36,두부젓국찌개,323.19,15.896501,45.576397,8.401001
37,메밀비빔국수,648.44,100.25371,15.405001,20.6655
38,대구지리탕,398.69,25.1918,66.0307,3.1225002
39,감자 그라탕,500.25,35.1558,23.555498,28.6157
40,치킨스테이크,1073.59,18.462599,44.2619,80.468
41,치즈피쉬스틱,237.65999,20.1183,22.362902,37.3023
42,꽈리고추 감자조림,478.65002,80.152,7.4804997,14.974
43,크림스파게티,1462.5001,98.17299,41.892002,97.565506
44,치킨스낵랩,1145.85,86.451996,63.397003,58.7615
45,로제스파게티면,986.53,103.8578,20.021002,56.884197
46,소고기(차돌박이) 숙주나물볶음,463.49,15.0204,36.568104,27.692
47,가츠동,1060.79,95.018105,61.513897,47.405495
48,부추전,1467.8999,157.0,57.04,64.15
49,해물 하이라이스,943.04004,111.22611,58.4469,25.888
50,오징어 튀김,134.7,7.8570004,2.606,10.224
51,고추짜장면,3449.6301,525.0008,80.485405,104.751
52,마이러블리튀밥,969.69995,78.69101,39.482002,52.890003
53,마이 스위트 베이비,267.0,30.915,3.07,13.791
54,짜투리타타,806.35,24.6215,70.2275,47.024498
55,또띠아꿀피자,838.9,56.4125,43.8475,49.431
56,맑은대구탕,43.4,4.032,5.847,0.8449999
57,마파두부덮밥,499.3,31.781998,20.672998,31.793001
58,알리오올리오,1086.1,94.7473,22.7116,67.8552
59,가래떡 삼합,221.05,24.471,3.769,11.809
60,달걀말이,970.80005,9.431001,52.8705,78.1135
61,스테이크 덮밥,560.11,69.87041,39.7079,13.1538
62,봄동 겉절이,432.46002,68.6576,16.3096,15.155499
63,알탕,487.91,41.7027,70.246506,5.0745006
64,순두부찌개,514.19995,16.702002,71.604004,15.409
65,스파게티소스김치스파게티,2195.55,396.76852,78.62,35.22
66,마파두부,828.08997,61.2547,33.610497,46.9557
67,치킨데리야끼,702.42004,62.769596,50.718,22.126001
68,오징어 간장 조림,511.10004,70.119995,49.330505,3.309
69,오징어볶음,283.8,40.031998,6.756,11.702999
70,누룽지닭백숙,1204.4001,12.802,241.60298,14.051
71,고추장 훈제오리김밥,683.32,63.318005,25.2122,36.8924
72,멸치볶음밥,284.0,13.171001,6.7209997,22.632
73,애호박전,629.02,57.435,13.907001,38.738
74,닭볶음탕,1964.5599,175.93259,266.39008,19.505999
75,시래기 청국장,706.01,40.6301,70.04561,27.54
76,아욱국,824.7,32.759,147.376,7.2790003
77,대구탕,1912.8,40.756496,401.87653,9.455001
78,규동,1441.6099,230.70801,50.905296,31.39
79,샤브샤브,2493.3496,253.724,136.89099,100.26201
80,순대볶음,553.2601,75.4156,15.297602,24.462502
81,톳두부무침,393.81998,23.556501,27.0789,24.436398
82,방풍나물무침,301.5,45.143303,8.5994,11.4086
83,소세지 옥수수 통조림감자 루꼴라,1565.75,123.55151,82.55499,81.067505
84,굴무침,564.92,86.5201,14.8355,24.4795
85,샐러드김밥,68.600006,11.125,6.7509995,1.754
86,까르보나라,2406.6501,266.9075,61.036,121.943
87,길거리토스트,400.58997,49.9177,21.316,14.182899
88,치즈밥전,102.1,14.014,5.0509996,2.702
89,들깨북어미역국,664.64996,16.8895,84.232,30.535
90,또띠아샌드위치,278.1,53.376,9.123,3.162
91,두부 닭고기(가슴) 스테이크,349.39996,14.622,46.697002,10.585
92,치즈잡채쌈,118.3,18.205,3.729,4.341
93,브라우니,340.7,32.565002,4.225,22.469002
94,피클,1197.35,293.71948,13.2695,2.527
95,골뱅이찌개,693.04,58.1363,97.777794,9.5762005
96,도토리묵 무침,477.9,61.898994,9.434999,23.329
97,수제버거,1213.6501,28.3435,98.78171,74.651
98,멸치볶음,119.3,10.47,8.998,5.4459996
99,햄마요덮밥,411.60004,19.5735,40.4095,19.14
100,소고기 만두,858.60004,117.12801,36.278,26.43
101,감자전,148.9,10.984,2.905,10.869
102,코다리조림,2465.8503,94.728,444.98352,26.106998
103,닭개장,1790.8002,66.9955,295.3755,35.524998
104,오징어 초무침,255.0,33.310997,25.452003,3.4980001
105,고기완자전,3472.4497,217.382,197.79301,192.09149
106,아몬드 에너지바,315.8,26.0,7.836,22.588
107,과메기구이,165.55,21.283,8.431001,6.0569997
108,두부스테이크,2037.6099,316.4067,93.711006,36.744198
109,메추리알 소고기 장조림,4299.67,143.0523,359.00317,239.59952
110,시금치 섬초무침,272.3,9.343,3.948,24.462
111,부대찌개,986.7999,82.1435,60.6875,49.416996
112,보쌈,2203.7002,46.329,109.77151,172.088
113,볶음 쌀국수 팟타이,93.1,9.933001,7.092,2.8970003
114,미니핫도그,70.0,8.733001,2.539,2.592
115,베이글 크림소스 햄버거,1202.8,42.6875,64.669304,84.506
116,빠에야,439.6,87.295006,13.968,3.093
117,두부덮밥,116.94,13.6257,4.9328995,5.3275
118,잣 크림치즈 곶감말이,309.0,15.249001,8.025,26.365
119,게살크림치즈만두,846.0,37.787003,18.856,70.129
120,아삭이 가지 고추 물김치,728.0,160.586,17.8955,2.431
121,야채 달걀찜 프리타타,1788.5,77.89949,110.81501,109.173
122,바케트 달걀빵,301.6,27.723001,18.431,13.474
123,돼지고기 김치찌개,2201.15,79.68601,154.1545,133.9285
124,감자볶음,282.4,16.082,24.529,13.898
125,애호박새우젓볶음,377.15,11.5765,5.362,34.651497
126,짜장떡볶이,1238.4,156.08249,66.0495,39.686
127,베이컨갈릭 옥수수 통조림치즈,1348.2198,152.2096,46.1735,61.910995
128,날치알 달걀 덮밥,681.7,81.35351,26.571003,26.1025
129,치킨마요덮밥,1062.2,55.342003,19.499,83.411995
130,해물파전,963.25,149.1305,36.4949,21.072
131,충무김밥,1492.6499,176.455,103.261,41.765995
132,굴소스 스파게티면,1474.45,196.059,55.324997,52.404
133,돼지고기 김치찜,2753.31,58.1156,246.06262,158.193
134,통밀 바나나 잣 빵,1636.55,253.221,48.980995,46.736
135,깐풍만두,179.62,39.496098,5.1101995,1.162
136,허니콤보 치킨,926.4,34.184998,149.54199,18.671999
137,오지치즈후라이,931.1,76.297005,46.628,47.6
138,해물 강된장,515.0,33.444,69.749504,10.0
139,베이컨 치즈 주먹밥구이,1876.2999,125.12901,102.493,103.759
140,유채잎 된장무침,409.0,34.5803,23.752302,24.1684
141,떡꼬치,5759.58,1286.3313,94.9354,17.103
142,생선까스,363.7,24.253,24.012001,18.163
143,닭꼬치,552.95996,39.6254,73.9571,7.405
144,주꾸미볶음,984.14996,179.3965,51.288498,13.735999
145,명란스파게티면,190.20001,10.988,3.815,14.513001
146,오징어 버터구이,346.4,41.099003,37.779,6.5790005
147,쇼콜라 케이크,2223.7,236.394,95.185,111.32301
148,치킨룰라드,1400.78,44.6446,118.61051,80.9204
149,베이컨 에그컵,508.2,5.105,35.189003,36.709
150,옥수수 통조림치즈 샐러드,769.8,122.604,20.915,21.725998
151,오이무침,233.1,42.99,8.783,5.4649997
152,컵케이크,495.63,51.216,18.383999,25.9665
153,문어산적,662.55,93.996,18.72,25.3115
154,닭불고기,545.87994,55.313507,43.0279,16.2209
155,마늘 크루통,244.56,46.111,6.0936003,6.468
156,부추 오징어 부침개,586.2,19.651,56.740997,28.944
157,짬뽕,578.19995,39.179,63.096996,16.362
158,크레이프 케이크,3922.7,390.19098,136.12999,202.33002
159,팬피자,522.68,49.184402,34.466103,19.5219
160,돼지고기 보쌈,2079.55,14.939001,107.11,170.3945
161,소불고기,2252.2,53.026997,158.00598,150.07501
162,깻잎나물,787.14,39.8777,22.220001,62.897
163,두부조림,1128.35,66.2245,81.2345,59.343
164,유린기,931.61005,64.7704,129.29799,15.3292
165,홍어회무침,1508.8501,147.99998,215.71552,10.239
166,김치돼지고기 두루치기,1332.1998,61.269,62.945004,88.83699
167,아구찜,1329.9999,147.826,159.40047,6.2645
168,동태조림,928.3,45.688,165.67198,6.8160005
169,깐풍골뱅이,1271.1898,94.0617,170.41971,22.5685
170,돈까스,3148.8,325.119,280.307,65.361
171,황태채 구이,628.01,35.4952,83.79271,16.7643
172,굴밥,795.89996,161.70601,21.7735,2.895
173,알리오올리오,525.15,100.64651,21.628498,5.191
174,돼지고기(목살) 스테이크,2116.9502,60.7345,164.28253,123.78901
175,해물 스파게티,974.19995,156.59349,45.108494,13.8205
176,우유식빵,1547.73,310.557,62.238003,14.382999
177,된장 깻잎 짱아찌,119.9,17.725,7.5965004,1.958
178,차슈 덮밥,2648.62,160.99649,184.061,130.982
179,고추장찌개,138.6,22.105001,7.11,3.2329998
180,주꾸미볶음,168.09999,25.016003,6.617,5.99
181,그릴치즈 샌드위치,86.7,14.345,2.657,2.962
182,어니언딥,1217.3501,43.269997,10.494999,115.14449
183,터키버거 샌드위치,399.2,29.482,19.21,22.618
184,미트볼,1161.0801,24.177803,100.62542,69.8526
185,소고기 카레,265.34998,49.482,8.616,5.8980002
186,찜닭,1616.5,103.89101,225.00749,28.181
187,닭고기(날개)구이,1040.0,62.1795,54.7865,58.014
188,스펨카레,369.6,23.835,34.3,16.45
189,허니버터 새우 토스트,219.04,43.5498,6.461,3.3564
190,두릅무침,400.0,20.1295,25.694,24.797
191,황태국,786.7,6.845,156.653,10.555
192,해독주스,383.0,93.75,9.43,2.3100002
193,미역줄기볶음,354.1,20.95,9.951,30.302498
194,고구마 푸딩,820.91,171.2985,12.346,13.010999
195,또띠아,453.27,26.056,38.593,21.152
196,비트주스,17.9,4.163,0.407,0.095000006
197,찹스테이크,1367.3,59.100506,55.699,98.398
198,고르곤졸라피자,223.5,18.512001,5.392,14.724001
199,해물 떡볶이,1765.6798,329.7678,63.343002,20.475801
200,가지무침,279.61,29.0602,8.536201,15.7963
201,토마토 치킨 카레,579.5499,71.357506,34.2205,20.801
202,김치볶음밥,731.7701,74.675606,27.34,38.1115
203,쿠키 버터,1231.0,194.83,26.509998,48.11
204,참치 치즈토스트,196.7,20.585,12.042,8.051
205,만두 떡볶이,992.56,182.6381,20.041101,22.8812
206,호박 고구마 식빵롤,564.75,123.65849,9.43,4.2295
207,또띠아 피자,213.35002,35.131496,8.479,4.62
208,치즈떡볶이,1063.75,185.75351,56.317005,12.426999
209,치즈가래떡,623.7001,122.934,16.727001,9.155001
210,칠리연어 퀘사딜라,643.39996,13.15,50.74,42.690002
211,식빵토스트,463.4,69.84701,15.23,13.605
212,요거트 베리 피자,1218.2,202.14,19.045,32.965
213,뚝배기 달걀찜,309.67,8.968,27.588,17.384499
214,부추김치전,1009.4,162.23401,46.450996,13.99
215,참치 샌드위치,3867.0503,91.915504,87.80299,351.26498
216,오징어 볶음,597.95,38.806004,34.4835,33.038498
217,부지깽이 새우볶음,274.66,11.7887,16.5534,18.223
218,포테이토피자,586.94995,42.696,20.972,36.366
219,볶음우동,608.1,68.8855,37.175,18.9885
220,멸치주먹밥,1020.45,123.45451,61.1605,29.322002
221,주먹밥,836.6,92.963,49.304996,26.561
222,참깨크래커,967.49994,130.746,14.896,40.321
223,치즈 소스와 맥앤치즈,437.84998,93.3373,19.761297,1.6908001
224,토스트,279.6,38.755,8.004,11.354
225,쫄면,2359.25,403.49292,81.132996,44.5725
226,카라멜 크루통,2376.1,483.42102,49.736004,31.995998
227,오믈렛,693.5,21.2165,49.583,43.333
228,야채참치라면,603.15,87.7175,19.437,21.487999
229,달래 된장찌게,346.37,42.3094,31.129402,8.8654
230,만두그라탕,731.0,95.99801,33.406,24.373001
231,돼지고기장조림,1898.35,22.075,233.9515,87.837006
232,나쵸칩연어까나페,248.26003,33.3439,11.907901,8.0838
233,시금치프리타타,1668.41,79.8383,107.58971,98.156006
234,망고 치아시드 푸딩,631.45,93.3235,15.42,21.182499
235,연어스테이크,997.8,138.10901,62.036003,24.421999
236,수제딸기아이스크림,2064.21,116.0565,59.351997,154.04399
237,베리크림치즈크레이프,2654.28,386.41772,66.069496,91.459595
238,소시지프라타타,791.8,57.481003,62.982994,34.931
239,치즈김밥,289.59998,54.824,11.886001,4.04
240,호떡,672.39996,88.852,15.707,28.838999
241,참치주먹밥,1033.55,105.97952,29.530499,55.197
242,피넛오트밀쉐이크,1473.2,210.523,40.595,51.829998
243,봄동비빔국수,337.66998,50.048702,7.8513002,12.507299
244,날치알밥,678.77,103.42252,23.689499,19.9575
245,스파이시 글레이즈 피칸,1699.56,93.5582,30.370998,145.65039
246,연어샌드위치,438.3,51.940998,28.229,12.799
247,미니참치버거,1869.7999,267.41803,71.21301,58.526
248,로스트 브로콜리,482.9,32.863003,12.481501,34.981
249,대파절이,247.91,31.646702,8.957,11.3398
250,웨지감자,140.3,3.4550002,3.286,12.859
251,닭고기(가슴) 샌드위치,638.9,68.037,58.656998,14.532
252,크레미 오이롤초밥,456.1,75.569,12.835001,10.995999
253,초코강정,1604.25,213.6445,21.698,76.846
254,깍두기볶음밥,596.05,91.218,23.709501,15.5655
255,매콤멸치 치즈김밥,624.02,31.348,37.055,40.9115
256,허니브래드,1666.2001,282.74503,55.657005,36.158997
257,기름떡볶이,899.35,178.9118,14.313701,14.610499
258,연어마요덮밥,1183.75,71.2145,137.0175,34.156006
259,롤케이크,576.5,138.986,9.557,2.421
260,꽈리고추 멸치볶음,685.8301,50.935005,22.9193,41.671997
261,부대즉석떡볶이,857.7,150.989,29.827002,17.744999
262,불고기 깻잎 토스트,233.0,37.752,10.135,5.3059998
263,크림딸기모찌,1055.5,149.71,19.445,43.54
264,바게트피자토스트,940.80005,105.489,43.141,37.453003
265,완두콩스파게티면,1151.24,177.92912,32.135902,33.313995
266,밥스테이크,673.2,85.99351,34.215,19.9695
267,고구마도넛,1593.2,327.907,21.0755,19.522999
268,밥도그,1498.95,251.93399,51.800503,27.879997
269,달걀부추빵,1039.2,66.8565,44.6815,65.02901
270,햄이라면,1741.16,241.9652,46.071,64.6542
271,에그홀토스트,430.0,47.648003,24.79,16.417
272,매운홍합볶음,824.42,71.0011,52.800503,35.803997
273,홍합라면,1580.7,241.327,34.885,53.350998
274,마약김밥,1577.2,309.659,39.74,20.6765
275,돈까스 라면,2047.3,261.08203,72.884995,77.729
276,스크램블에그 치즈라면,1802.7999,240.315,55.198,67.803
277,고등어김치찌개,978.1,34.705997,95.891,49.076996
278,베리스무디,497.0,88.56999,11.59,16.8
279,홍구리라면,1538.1,238.172,32.374,50.721
280,해물라면,3050.7,479.653,64.726006,97.037994
281,달걀 샌드위치,842.01996,41.2335,58.202698,47.7466
282,몬테크리스토 샌드위치,651.8,44.115,32.479,37.225998
283,식빵피자,217.79999,22.217,13.139,9.441999
284,유부 어묵탕,64.4,3.496,4.156,3.8949997
285,츄러스,2915.18,363.75052,86.4095,144.5775
286,모닝빵샌드위치,507.7,76.495995,15.345002,15.638
287,돼지고기(삼겹살)김밥,899.75,40.4185,41.138,62.571495
288,모차렐라치즈 피자,1056.7499,129.8419,42.744003,44.8136
289,봉골레 스파게티,896.2,141.245,46.907993,13.844
290,아보카도 부르스케타,280.12,29.8335,7.8685,17.213
291,해산물 토마토 스파게티,401.8,35.775,34.134,12.782999
292,소고기 카르대파치오,1021.66,73.244,44.739002,67.731
293,간장새우,312.59998,31.778,42.511,2.0789998
294,닭고기(가슴) 오므라이스,1134.2001,93.28,92.245,38.260998
295,닭발 볶음,218.34999,22.856,6.278,12.614999
296,닭고기(가슴) 샐러드,220.0,20.796999,9.618,12.864
297,해산물 피자,395.25,20.543499,35.080498,18.287998
298,허니버터칩,243.15999,56.8642,5.8738995,1.0874001
299,고추페스토 치즈롤,997.6,79.035995,40.614,59.584
300,파인애플볶음밥,466.5,69.82001,24.230001,12.88
301,배추찜,471.8,42.662502,8.518,30.130001
302,두부샐러드,325.8,12.708,19.522003,22.346
303,밤 머핀,1302.73,197.934,29.094,41.819004
304,애호박전,149.29999,19.046999,16.4865,0.85300004
305,잔치국수,312.4,17.730999,8.354,25.290998
306,카레치즈라면,2373.6,348.835,48.494003,87.02901
307,치즈 달걀말이,935.2,7.208,84.964,58.020004
308,프렌치 토스트 머핀,2134.6,196.588,71.448,116.769
309,차슈덮밥,1438.45,75.549995,105.64449,78.15749
310,콩나물밥,278.41,26.7308,10.4585,15.888
311,부타동,1045.44,110.37149,57.143,38.932
312,스캘럽트 포테이토,3359.8901,449.33063,148.7124,112.22551
313,파인애플 볶음밥,1172.9,188.48103,35.674995,27.29
314,소고기(차돌박이) 간장비빔국수,1815.73,272.0096,87.65879,36.385002
315,홍구리 라면,1901.9,261.93802,56.149,68.94
316,시금치 크림소스 감자뇨끼,1765.1,236.0965,57.6135,67.242
317,함박스테이크,1459.1,60.635,91.479,89.098495
318,쥐포 간장볶음,207.89,19.897799,19.6805,5.357
319,오이피클,4722.2,1153.2981,19.792002,0.262
320,사과 부추무침,259.1,39.116295,8.2965,9.1305
321,산마늘(명이나물) 장아찌,1905.0,446.798,49.543,2.207
322,고추장 떡국,1366.3497,189.98102,63.676,39.742
323,소고기(차돌박이)고추장찌개,425.02,65.4286,33.5772,7.1569996
324,산마늘(명이나물)김치,79.4,14.615999,3.039,0.94499993
325,전자렌지 달걀찜,279.69998,3.2340004,26.565998,16.54
326,두릅꼬막비빔밥,153.7,35.16,4.032,1.2670001
327,골뱅이 비빔국수,587.87994,63.7262,77.154305,2.8586
328,스토로베리 요거트 아이스캔디,827.60004,159.583,19.678,15.851001
329,김치돼지고기(삼겹살)말이,1073.1799,64.500496,42.299503,73.0175
330,쿠키버터머그케이크,552.52,79.784,10.554,20.098
331,명란볶음밥,222.45999,47.7393,4.658,0.8892999
332,삼겹철판볶음면,44.799995,2.45,2.421,3.0620003
333,야채피클,758.55,190.428,5.2795,0.1885
334,또띠아피자,177.19998,27.915,6.922,4.163
335,아보카도 망고 롤리팝,792.8,140.70299,6.454,29.668997
336,햄두부샌드,689.0,15.303999,88.669,27.686
337,해물토마토스파게티면,1720.35,219.19902,130.47849,24.978498
338,소고기(차돌박이) 부추무침,836.72,48.280598,51.7826,46.0335
339,멍게비빔밥,154.6,18.153,17.644001,2.467
340,샐러드피자,864.7999,69.67449,51.259502,42.662
341,김치그라탕,1430.3,242.83801,56.265003,28.053999
342,곰취장아찌,2148.0,495.88998,55.04,2.45
343,갈릭피뇨 스파게티면,1549.3999,178.71301,30.061,79.3985
344,초우지단,951.44995,19.389002,68.292496,63.7333
345,몽골리안 비프,851.24,36.742004,42.251698,56.518497
346,유채잎무침,378.13,33.8718,20.728302,21.9389
347,오야코동,406.1,19.295002,47.486496,12.495
348,감자조림,149.3,21.756,4.138,4.515
349,훈제오리전골,890.1,17.775,135.80101,28.005
350,무말랭이무침,454.1,81.53199,19.366001,5.6379995
351,두루치기,1137.1001,28.216,99.94301,65.28999
352,햄야채볶음,108.39999,10.622001,5.711,5.265
353,꼬막 골뱅이무침,27.1,3.6079998,3.2419999,0.118
354,달래장 곤드레밥,1855.0201,354.62347,43.178,24.7251
355,피스타치오 사브레,1445.2,285.658,37.842003,32.36
356,유니짜장면,5756.95,797.63104,185.4205,178.05249
357,열무비빔냉면,1594.3501,278.441,50.847,29.8305
358,열무비빔국수,1020.25,165.58699,27.82,27.2505
359,소고기 된장찌개,422.54,36.4323,38.9797,13.3829
360,갓김치 비빔국수,1356.9,250.50302,37.561996,18.932
361,소고기(차돌박이) 된장찌개,347.31,37.771202,30.932701,8.5032
362,냉쫄면,415.8,47.183,20.289001,19.092997
363,타코야키,1024.2001,139.741,46.738,25.702002
364,된장찌개,100.70001,14.732,7.2409997,2.284
365,사과 김치 비빔국수,2818.1401,513.52216,91.802505,45.0047
366,참치마요 주먹밥,428.80002,53.423504,15.297501,18.3455
367,캘리포니아롤,1201.9,206.61104,26.834,29.898
368,사골국수,1289.41,235.2992,46.266296,12.3469
369,어묵찌개,505.72003,65.2096,26.553,17.7828
370,연어 달걀샐러드,295.49997,11.817502,24.499502,16.161999
371,참치우동볶음,672.62006,63.034405,31.091198,31.961998
372,프렌치 토스트,837.8,49.621994,57.401997,43.343998
373,지성만두밥,745.8,100.865,23.964,26.934998
374,현미전복영양밥,5325.4,1005.132,235.81699,34.26
375,에그&베이컨치즈샌드위치,529.30005,33.906998,33.052002,28.390001
376,콩국수,1016.9,135.789,41.163002,32.379997
377,두부 견과 콩국수,1893.25,251.29349,57.9545,71.756004
378,검은콩국수,2513.8,375.955,138.22,44.730003
379,서리태 냉콩국수,2295.5999,164.03,209.31,92.27701
380,피망절임,1254.7,43.101,81.146,109.6935
381,카르쵸피 리피에니,1183.6998,90.287,27.815,78.976006
382,두부짜장면,3500.85,684.9835,111.04549,22.33
383,구운 파프리카,335.2,9.1695,28.2385,21.58
384,김치밥,1190.1,195.52202,19.275,33.612
385,해산물샐러드,426.84998,24.380499,40.293,19.055
386,사천식 소고기볶음,2501.3699,132.4923,92.4492,176.57321
387,매운어묵,499.1,50.373,62.082,8.333
388,연어 야채죽,968.48,125.4476,72.531204,15.273199
389,달걀 샐러드,740.14996,19.510998,44.339005,52.481503
390,딸기 롤 샌드위치,352.34998,52.3485,8.0130005,13.4595
391,마녀수프,984.0,73.53001,138.15999,17.71
392,닭튀김,1031.4401,166.2159,56.42499,17.693602
393,치킨 가라아게,638.77997,47.254295,53.4579,22.1179
394,꽁치고추장찌개,903.25006,46.997005,120.85901,24.002499
395,리코타치즈 치킨롤,551.2,7.728,74.262,23.631
396,볶음라면,1768.1001,237.48,30.178,78.015
397,김밥,1603.7,235.30002,84.314,34.374996
398,뼈다귀 감자탕,3084.68,141.7822,228.96031,160.33798
399,소고기(갈비)찜,2995.86,132.74269,154.25098,196.6275
400,게살덮밥,852.9001,97.045,31.781498,35.182
401,치즈듬풍토스트,189.0,16.668999,6.0579996,11.469
402,배추국,60.399994,7.5750003,3.9639997,1.6980001
403,치즈핫도그,130.6,9.107999,5.514,8.044
404,토마토라면,60.0,10.115,1.5469999,1.6559999
405,토마토 카레,89.0,13.504999,4.237,2.9769995
406,치즈불닭,1354.7599,126.76771,76.5035,60.389202
407,밀푀유 나베,985.1999,160.55,75.063995,13.035999
408,달걀 범벅,636.6,17.400002,64.225,35.161
409,고추장 케사디야,1274.1,113.369,99.11949,48.13
410,수제비,2340.6,363.939,74.593,61.991005
411,홍합 짬뽕,2603.8499,164.18901,253.092,98.548996
412,제육볶음,1466.8999,179.657,75.10151,52.041
413,김치콩나물국,111.85,17.8725,7.8437004,1.9067999
414,단호박튀김,10069.15,680.44556,34.745003,805.49
415,두부카나페,594.85,63.3,24.977,28.919998
416,고등어 데리야끼구이,1368.8501,93.523994,109.1975,52.545494
417,돼지고기(앞다리살)살야채구이,813.2,18.662003,68.874,49.685
418,오이지,260.0,62.0,16.0,0.0
419,연어초밥,1713.2997,246.42552,81.70199,41.426003
420,닭갈비,1331.69,128.5591,67.359406,61.093998
421,치즈관자팽이나라,401.40002,41.506,49.16,7.523
422,멸치달걀볶음밥,1065.35,105.41701,67.787,37.691998
423,치즈달걀밥,659.5,14.818001,57.019,39.204
424,묵사발,553.75,121.347,42.850002,9.0295
425,베이컨 말이 감자 튀김,6449.5,251.7,90.885,568.4
426,연복풍덮밥,1216.1499,140.324,38.3285,59.437
427,백종원 치킨,4584.3,849.58606,231.569,28.536
428,오이고추 된장무침,291.47,29.7392,9.1949005,16.7387
429,맥 앤 치즈,4754.5,669.81494,165.30002,158.63
430,감자루꼴라,6797.8,164.7135,93.56899,644.91797
431,월남쌈,1186.4501,149.1305,43.65,46.7635
432,옥수수전,594.8,105.03799,14.832,12.713
433,햄버거,1565.2098,96.525406,111.7281,80.75051
434,블루밍 어니언,1065.15,106.3482,43.0686,49.477997
435,리코타 샐러드 스파게티면,2634.5,401.77,78.924995,83.560005
436,초계탕,753.87,109.3161,58.891502,6.911
437,문어연포탕,701.4,59.671,88.73249,4.798
438,감자튀김,1589.5802,147.23299,15.2321,104.926
439,곤약구이,870.30005,265.55704,8.997499,10.169
440,콜리플라워 라이스,787.8,94.095,35.213,39.4345
441,치즈감자전,544.8,48.828003,36.567997,21.534
442,맥앤치즈볼프라이,6771.51,378.27,73.4227,553.6339
443,바베큐립,1597.4998,226.1835,31.564,50.041996
444,족발불고기,628.48004,46.956505,50.771797,51.166
445,피자핫도그,729.8,75.046,53.363503,22.572
446,꼬꼬뱅,2486.95,301.31702,154.93802,37.338997
447,소시지야채볶음,1867.96,182.05779,65.773094,103.0424
448,전자레인지 양파링,980.7,92.002,54.482998,40.035004
449,돼지고기(삼겹살) 냉채,2318.45,141.1575,118.23301,145.33101
450,오꼬노미야끼,1907.4,176.31099,195.32251,42.219997
451,소시지 캠핑요리,1071.7,77.27051,31.0255,72.102
452,햄프라이,1028.63,90.04599,29.31,62.092697
453,훈제연어 에그 베네딕트,1586.2999,158.0445,64.7585,86.689995
454,탕수육,543.65,0.8720001,46.758503,37.72
455,만두피 츄러스,329.75,78.6965,6.9,1.5999999
456,오꼬노미야끼 달걀말이,1000.7501,20.992,108.008,50.706
457,매운 갈매기살 덮밥,617.37,109.9765,28.004498,8.825
458,청경채 볶음,924.1,28.364,3.567,90.255
459,삼겹살샐러드,663.89996,29.12,31.356003,46.802998
460,매콤치즈등갈비,1530.97,210.1273,111.73001,36.373497
461,새우떡갈비,1049.5,4.7,132.03001,52.684998
462,홍합스파게티,1010.0,191.013,52.815998,4.548
463,골뱅이 비빔면,792.64996,127.29301,47.4055,7.5435004
464,파채 골뱅이 튀김,318.22,45.534595,31.973,3.1399999
465,부추볶음 연어 스테이크,971.63,74.4295,43.803,58.225502
466,가래떡 떡볶이,926.75,203.941,25.589499,5.935
467,계란 오꼬노미야끼,1359.1,25.6305,125.4055,80.09901
468,차돌박이 물회,269.2,30.9396,25.054,6.1196
469,스팸전골,239.4,33.467,32.186,4.484
470,미소라멘,1107.7,137.728,47.720505,38.401997
471,두부참치스테이크,1198.5999,137.436,74.2665,40.060997
472,물쫄면,701.02997,148.65988,17.4611,3.166
473,생선커틀릿,1497.67,219.5351,80.202995,26.980999
474,오리주물럭,763.60004,106.01099,64.7545,11.693
475,명란감자파스타,859.75,139.4265,27.503498,21.130001
476,백순두부찌개,794.7,53.282997,106.854,23.137001
477,장떡,1600.19,248.6942,32.482403,48.827
478,양배추두부조림,859.75,71.939,44.163498,46.134003
479,소고기간장떡볶이,1671.24,166.73048,42.9437,92.6075
480,단팥죽,1167.86,256.9964,24.596,2.4852
481,눈꽃새우튀김,2628.6997,127.3565,67.61651,203.923
482,또띠아고구마치즈롤,1127.6299,143.3457,45.1092,41.0795
483,항정살스테이크,572.25,25.213001,59.977,24.960001
484,불주꾸미 볶음우동,392.69998,51.9205,24.7055,7.7795
485,제육볶음피자,789.39996,28.508999,56.5,48.351
486,매콤 소세지 크림 숏파스타,1144.57,209.2632,39.066597,17.7425
487,열무참치비빔밥,616.75,43.264496,34.8135,33.1535
488,단호박 크랜배리 샐러드,419.66,30.1971,2.8927,33.482
489,치즈밥,772.4,77.0185,32.226,36.01
490,불닭,1274.45,117.8895,107.28851,43.2065
491,치즈콩불,1380.1,64.657,78.64,92.663
492,비빔밥부리또,1437.7999,95.618004,87.882996,74.62601
493,참치야채죽,513.5,57.182003,23.280998,21.2665
494,김치 두루치기,1463.6001,116.039,83.59051,75.197495
495,계란말이튀김,698.45,27.967999,55.356495,37.164
496,반반갈비찜,1545.75,140.896,127.02301,51.997997
497,라면볶이,989.25,132.92259,42.360104,32.333103
498,애플파이,1360.3,302.383,19.705,19.513
499,돼지고기 두부조림,783.95,47.802002,68.9245,35.057003
500,애호박 오징어전,2021.7,386.257,80.331,7.415
501,압구정엽떡,2352.21,207.6159,126.6911,114.187
502,발사믹 버섯 샐러드,157.2,34.885498,8.8945,1.198
503,태국식 닭바질볶음,588.95,21.2005,96.423,11.509999
504,간단해장국,616.60004,35.284504,68.375496,23.105001
505,간장치킨,1405.96,117.8857,155.41838,24.882898
506,토마토목살덮밥,594.2,39.502502,43.8265,29.365004
507,삼겹살 튀김,963.95,43.9885,50.803497,62.708996
508,떠먹는 고구마피자,1311.0,196.4645,38.343002,46.069
509,오사카규카츠,3402.7002,311.90646,148.14749,160.6615
510,사골돼지전골,627.64996,19.015999,87.7315,20.5975
511,우삼겹덮밥,337.51,32.1934,33.882095,8.247001
512,반반김치찌개,1257.8999,69.90101,99.467,65.2845
513,돼지고기피망잡채,637.69995,14.974999,33.426003,49.45
514,해쉬포테이토,512.4,90.845,13.537499,9.3615
515,돼지고기달걀장조림,2113.3,226.62599,189.791,48.852
516,맥반석달걀,489.6,2.844,46.475998,29.7
517,취나물무침,486.59,32.129,12.612499,36.1755
518,머쉬룸 바질페스토 파스타,756.30005,124.401,22.275002,21.0
519,파프리카 치즈 달걀찜,433.8,18.853,33.107,24.038002
520,마늘 멸치볶음,833.0,73.8285,82.6825,21.82
521,중화 비빔밥,929.44,101.2861,58.9004,29.7194
522,전자레인지치킨,2305.86,287.01764,175.84401,49.561905
523,쟁반짜장면,3312.4,362.976,141.0625,140.25851
524,두두콩국수,935.7,114.73599,51.156998,27.264002
525,목살 스테이크 샐러드,1827.35,69.361,133.7995,109.2
526,양파스프,575.39996,56.751,29.855999,27.541
527,매운돼지장떡,4173.95,774.1369,142.40201,36.291
528,갈치구이,1052.6,75.92,83.8,40.98
529,애호박칼국수,541.5,103.485,22.04,2.2250001
530,버섯탕수,989.51996,215.273,26.2076,1.8571
531,어묵국수,783.35004,135.6515,38.6025,6.5949993
532,삼겹앤칩스,1223.7,62.62749,43.588997,89.6015
533,마늘 닭강정,1055.8,125.71851,98.750496,15.128999
534,볶음쌀국수,1347.1998,237.34196,65.52301,14.800001
535,고등어묵은지조림,1768.25,56.5415,177.3255,88.1
536,돌솥비빔밥,690.14996,131.2005,23.665,7.341
537,에그프리타타,1221.7,47.690502,56.026497,89.827
538,어묵콩나물볶음,542.08997,58.6706,24.131998,25.4491
539,감잣국,201.19998,35.162502,11.316,3.15
540,감자베이컨전,312.85,48.335503,11.655001,8.64
541,차돌강된장,338.8,14.856001,45.556,10.296001
542,두부강정,473.94998,53.354,33.255497,14.775001
543,달걀샌드위치,1031.2999,25.231499,43.851498,81.852005
544,버섯밥,769.8501,134.97302,17.742,16.474499
545,치즈해시브라운,776.05005,86.5263,36.264297,30.837702
546,머쉬룸크림파스타,865.2,147.472,17.92,28.479
547,두부무침,923.70996,58.6639,41.581497,59.455803
548,마카로니샐러드,1519.41,189.10458,27.666,72.778
549,마약토스트,500.84998,115.48351,5.505,6.6450005
550,온메밀국수,1390.4999,235.519,92.11299,23.443
551,삼겹살피자,1506.7,70.448,91.90199,92.801994
552,삼겹살 야채볶음,776.82,28.2633,36.4347,58.660995
553,병아리콩 동그랑땡,59.55,11.4065,2.4569998,0.6185
554,버터치즈후라이,345.1,29.4751,21.3046,17.467201
555,버섯스크램블,476.0,62.334003,26.289999,20.012001
556,가지피자,1187.85,62.843002,61.737,79.935
557,달걀샐러드,536.97,22.469301,24.4327,39.146
558,병아리콩 샐러드,945.30005,116.765,30.368002,39.026
559,고등어버터구이,647.3,50.701004,46.957005,31.425999
560,갓김치삼겹살찜,2300.88,62.723602,122.7948,173.541
561,렌틸콩 카레라이스,1053.4,191.56,51.522,23.181
562,콘치즈식빵,810.02,44.869602,32.887,55.086998
563,삼겹살초밥,597.92,59.7596,21.8156,29.067999
564,고추장어묵볶음,800.7001,133.911,38.775997,14.962
565,렌틸콩 파스타,1483.1,271.76,66.415,15.16
566,콩나물 코다리찜,1557.0,51.576004,292.002,18.029999
567,치즈뚝배기파스타,1467.55,119.628,77.003,75.362
568,고등어 무 조림,1335.7699,56.4226,114.10899,71.43499
569,팟 가파오,498.1,29.5325,39.941505,23.9385
570,감바스,1906.25,20.182,36.862,181.9235
571,달걀조림,530.74994,25.082901,33.113297,32.1926
572,마늘빵과 알리오올리오,1658.6799,277.2725,39.2104,49.507698
573,참치 김말이 튀김,1086.05,153.9525,55.6465,27.113
574,하와이안쉬림프,496.0,72.596,47.955,6.158
575,시리얼프렌치토스트,1947.6,289.047,51.661,64.679
576,얼큰해물짬뽕우동,519.8,73.74701,40.594,4.602
577,얼갈이 된장국,438.95,30.771,42.784504,17.0625
578,황태무채국,1256.3401,33.418,167.52008,49.4206
579,굴샐러드,572.85,52.6855,19.49,33.6
580,전복죽,2174.75,351.02997,62.223,50.6675
581,양파덮밥,229.29999,13.982001,19.493,10.000001
582,돼지안심 스테이크,375.0,15.086,57.150997,9.499999
583,가지된장덮밥,700.14,64.5926,16.028399,41.982998
584,병아리콩 강정,394.30002,68.624,17.270601,5.66
585,쌈장열무비빔밥,859.7,74.745,28.997002,47.603996
586,항정살 명란덮밥,1258.9,100.2875,112.0735,43.276
587,해물 순두부,661.47003,36.6565,94.061005,13.678
588,치킨치즈오븐스파게티,1263.5,150.27998,103.95999,26.25
589,중국식 감자채볶음,81.5,18.595001,2.676,0.085
590,목이버섯 볶음,141.5,12.4325,2.7935,10.221499
591,오징어밥,339.4,51.652004,25.665,2.16
592,달걀 순두부국,394.8,11.664001,47.185,16.515
593,바지락 순두부 찌개,437.65002,17.9605,38.0125,23.386501
594,치즈 베이컨 포테이토,3301.0,33.072998,39.902,338.48102
595,매콤새콤 단무지무침,237.12999,54.458397,5.1963,2.0379999
596,레몬 크림 새우,2879.4001,244.602,84.10551,167.64749
597,바지락 칼국수,949.54004,148.7802,65.461006,5.582
598,김치어묵우동,718.8,108.884,32.9055,17.4125
599,새우로제파스타,1237.7,155.317,50.560997,41.756
600,렌틸콩 국수,1510.9,252.35199,69.383,23.921501
601,하야시라이스,199.1,26.57,12.110001,5.7070003
602,버터연유시나몬 바게트,327.19998,65.880005,8.636,3.913
603,오이양파무침,93.37,21.028599,3.2545002,0.472
604,참치샐러드 또띠아쌈,1065.7499,67.55,42.4965,70.726006
605,골뱅이비빔국수,642.15,100.21101,46.6435,9.5205
606,수플레오믈렛,322.05002,27.8055,20.717999,13.620001
607,호두밥,1854.4,250.254,38.675,75.14
608,꽃게탕,610.71,58.5998,81.884705,8.124
609,배추국물떡볶이,907.50006,207.194,22.325,2.358
610,나폴리탄 파스타,1339.0,198.152,38.751,43.665
611,토마토 미트 파스타,617.60004,99.06149,19.3245,12.665501
612,간장물갈비,3282.05,295.79144,152.51501,152.416
613,연두부크림치즈딥,1118.8899,55.3681,18.5936,93.660194
614,계란말이김밥,1780.45,138.365,58.149,111.52051
615,바나나쉐이크,491.4,82.097,15.094999,13.78
616,베이컨덮밥,625.1,70.798004,22.917002,28.615
617,새송이버섯 조림,173.95001,38.506,11.422501,0.52900004
618,봉골레파스타,989.46,92.0929,32.5736,47.8735
619,김치콩나물죽,441.3,75.29,21.757,5.603
620,오트밀 바나나 죽,758.1,134.07701,24.590998,15.932999
621,소고기미역국,1082.6001,24.858002,52.036003,85.103
622,동태국,1432.9501,95.15599,204.06549,28.175
623,육개장,642.06,50.9926,35.4396,34.8035
624,크림 파스타,1297.7999,100.83051,33.502,85.468994
625,발사믹드레싱의 그린샐러드,482.51,12.707601,4.1528,45.732
626,불고기 라이스 샐러드,894.78,76.165405,27.302,51.708
627,누꼴라 피자,234.55,25.085001,15.22,9.165
628,아지타마고덮밥,708.39996,121.59,28.305,13.356002
629,매콤홍합스튜,800.21,86.3153,48.947098,19.5786
630,버섯무침,262.0,17.519001,9.877,21.301
631,쇠고기얼갈이해장국,1416.15,93.647,93.858505,81.725006
632,어니언스테이크,1149.9,45.323,50.542,83.562
633,찹스테이크,1076.0499,55.8135,39.014996,63.889996
634,도토리묵 무침,790.19995,136.78299,14.966,23.562
635,쉬림프에그인헬,777.25,35.8988,75.5896,34.951202
636,메밀김치전,1615.3501,277.69543,66.735596,23.351501
637,김치말이찜,432.5,11.76,36.385002,25.69
638,소고기카레볶음밥,768.35,64.725006,24.873499,44.526497
639,갑오징어양배추볶음,722.55,50.5366,68.5584,27.578001
640,치즈오븐스파게티,1680.2999,300.974,77.341995,25.194
641,중국식계란스프,502.5,58.704002,31.729498,15.791001
642,소고기표고버섯죽,459.61002,84.1642,12.476,7.9456997
643,햄김치볶음밥,355.5,57.735,61.565,6.75
644,낙지야채볶음밥,427.0,57.790504,21.314001,11.1665
645,허니버터고구마스틱,585.65,120.33151,5.4630003,12.1575
646,해물잡탕밥,972.93994,56.2663,82.0949,44.8589
647,만둣국,534.7,61.9975,29.191502,18.6225
648,라이언 볶음밥,631.6,67.16501,32.516,24.278002
649,토마토홍합찜,540.94995,58.167,37.184,19.962
650,찹쌀리조토,889.69,193.63737,18.542398,5.3524003
651,삼겹살파스타,1442.1,101.852,32.884,100.02
652,알리오올리오라이스,850.6,63.088,8.1645,61.293
653,김치오코노미야끼,1249.8,181.49948,41.8415,34.444
654,사과비빔국수,1067.9601,184.79192,20.636,27.700298
655,에그 그라탱,430.96002,14.032601,32.6136,27.3936
656,흰쌀밥,549.0,118.11,10.215,1.5749999
657,현미밥,535.5,113.88,10.995,3.3449998
658,잡곡밥,537.0,110.10001,14.685,3.135
659,허니버터고구마스틱,585.65,120.33151,5.4630003,12.1575
660,해물잡탕밥,972.93994,56.2663,82.0949,44.8589
661,만둣국,534.7,61.9975,29.191502,18.6225
662,라이언 볶음밥,645.1,71.020004,31.601002,23.978
663,토마토홍합찜,540.94995,58.167,37.184,19.962
664,찹쌀리조토,889.69,193.63737,18.542398,5.3524003
665,삼겹살파스타,1442.1,101.852,32.884,100.02
666,알리오올리오라이스,864.1,66.94301,7.2495003,60.993
667,김치오코노미야끼,1249.8,181.49948,41.8415,34.444
668,사과비빔국수,1067.9601,184.79192,20.636,27.700298
669,에그 그라탱,430.96002,14.032601,32.6136,27.3936
